[{"inputs":[{"internalType":"address","name":"_ROUTER","type":"address"},{"internalType":"address","name":"_UTILS","type":"address"}],"stateMutability":"nonpayable","type":"constructor"},{"inputs":[],"name":"DEV","outputs":[{"internalType":"address","name":"","type":"address"}],"stateMutability":"view","type":"function"},{"inputs":[],"name":"FACTORY","outputs":[{"internalType":"contractPancakeFactory","name":"","type":"address"}],"stateMutability":"view","type":"function"},{"inputs":[],"name":"FEE","outputs":[{"internalType":"uint256","name":"","type":"uint256"}],"stateMutability":"view","type":"function"},{"inputs":[],"name":"FEEQuote","outputs":[{"internalType":"uint256","name":"","type":"uint256"}],"stateMutability":"view","type":"function"},{"inputs":[],"name":"FEEReceiver","outputs":[{"internalType":"address","name":"","type":"address"}],"stateMutability":"view","type":"function"},{"inputs":[],"name":"ROUTER","outputs":[{"internalType":"contractPancakeRouter","name":"","type":"address"}],"stateMutability":"view","type":"function"},{"inputs":[],"name":"STATUS","outputs":[{"internalType":"bool","name":"","type":"bool"}],"stateMutability":"view","type":"function"},{"inputs":[],"name":"UTILS","outputs":[{"internalType":"contractTIGSSwapUtils","name":"","type":"address"}],"stateMutability":"view","type":"function"},{"inputs":[],"name":"WETH","outputs":[{"internalType":"address","name":"","type":"address"}],"stateMutability":"view","type":"function"},{"inputs":[{"internalType":"address","name":"_token","type":"address"},{"internalType":"address","name":"_spender","type":"address"}],"name":"approveToken","outputs":[],"stateMutability":"nonpayable","type":"function"},{"inputs":[{"internalType":"uint256","name":"amount","type":"uint256"}],"name":"donateWBNB","outputs":[],"stateMutability":"nonpayable","type":"function"},{"inputs":[{"internalType":"address","name":"Token","type":"address"}],"name":"fetchBestBaseToken","outputs":[{"internalType":"address","name":"","type":"address"}],"stateMutability":"view","type":"function"},{"inputs":[{"internalType":"address","name":"Token","type":"address"},{"internalType":"uint256","name":"Slippage","type":"uint256"}],"name":"fromBNBtoToken","outputs":[],"stateMutability":"payable","type":"function"},{"inputs":[{"internalType":"address","name":"Token","type":"address"},{"internalType":"uint256","name":"amount","type":"uint256"},{"internalType":"uint256","name":"Slippage","type":"uint256"}],"name":"fromTokentoBNB","outputs":[],"stateMutability":"nonpayable","type":"function"},{"inputs":[{"internalType":"address","name":"TokenA","type":"address"},{"internalType":"address","name":"TokenB","type":"address"},{"internalType":"uint256","name":"amount","type":"uint256"},{"internalType":"uint256","name":"Slippage","type":"uint256"}],"name":"fromTokentoToken","outputs":[],"stateMutability":"nonpayable","type":"function"},{"inputs":[{"internalType":"address","name":"Token","type":"address"},{"internalType":"uint256","name":"amount","type":"uint256"}],"name":"getOutputfromBNBtoToken","outputs":[{"internalType":"uint256","name":"","type":"uint256"},{"internalType":"address[]","name":"","type":"address[]"}],"stateMutability":"view","type":"function"},{"inputs":[{"internalType":"address","name":"Token","type":"address"},{"internalType":"uint256","name":"amount","type":"uint256"}],"name":"getOutputfromTokentoBNB","outputs":[{"internalType":"uint256","name":"","type":"uint256"},{"internalType":"address[]","name":"","type":"address[]"}],"stateMutability":"view","type":"function"},{"inputs":[{"internalType":"address","name":"TokenA","type":"address"},{"internalType":"address","name":"TokenB","type":"address"},{"internalType":"uint256","name":"amount","type":"uint256"}],"name":"getOutputfromTokentoToken","outputs":[{"internalType":"uint256","name":"","type":"uint256"},{"internalType":"address[]","name":"","type":"address[]"}],"stateMutability":"view","type":"function"},{"inputs":[{"internalType":"address","name":"Token","type":"address"}],"name":"getTokenInfos","outputs":[{"internalType":"uint256","name":"BuyEstimateOutput","type":"uint256"},{"internalType":"uint256","name":"BuyRealOutput","type":"uint256"},{"internalType":"uint256","name":"SellEstimateOutput","type":"uint256"},{"internalType":"uint256","name":"SellRealOutput","type":"uint256"},{"internalType":"bool","name":"Buy","type":"bool"},{"internalType":"bool","name":"Approve","type":"bool"},{"internalType":"bool","name":"Sell","type":"bool"}],"stateMutability":"nonpayable","type":"function"},{"inputs":[{"internalType":"uint256","name":"_FEE","type":"uint256"},{"internalType":"uint256","name":"_FEEQuote","type":"uint256"},{"internalType":"address","name":"_FEEReceiver","type":"address"}],"name":"setFeeOptions","outputs":[],"stateMutability":"nonpayable","type":"function"},{"inputs":[{"internalType":"address","name":"_ROUTER","type":"address"}],"name":"setNewRouter","outputs":[],"stateMutability":"nonpayable","type":"function"},{"inputs":[{"internalType":"address","name":"_UTILS","type":"address"}],"name":"setNewUtils","outputs":[],"stateMutability":"nonpayable","type":"function"},{"inputs":[{"internalType":"bool","name":"_new","type":"bool"}],"name":"setStatus","outputs":[],"stateMutability":"nonpayable","type":"function"},{"inputs":[],"name":"withdraw","outputs":[],"stateMutability":"nonpayable","type":"function"},{"stateMutability":"payable","type":"receive"}]